INSERT INTO Doctors (doctor_id, name, specialization) VALUES
(101, 'Dr. Rajesh Kumar', 'Cardiology'),
(102, 'Dr. Priya Sharma', 'General Medicine'),
(103, 'Dr. Vikram Singh', 'Endocrinology'),
(104, 'Dr. Ananya Desai', 'Pediatrics'),
(105, 'Dr. Rohan Mehta', 'Orthopedics'),
(106, 'Dr. Suresh Pillai', 'Neurology'),
(107, 'Dr. Neha Gupta', 'Dermatology'),
(108, 'Dr. Arjun Reddy', 'Pulmonology'),
(109, 'Dr. Meera Menon', 'Gynaecology'),
(110, 'Dr. Tariq Khan', 'Oncology');


INSERT INTO Patients (patient_id, name, age, gender) VALUES
(1, 'Amit Patel', 45, 'Male'),
(2, 'Sneha Iyer', 28, 'Female'),
(3, 'Kavita Reddy', 62, 'Female'),
(4, 'Rahul Verma', 35, 'Male'),
(5, 'Aarav Joshi', 8, 'Male'),
(6, 'Pooja Nair', 24, 'Female'),
(7, 'Vikram Malhotra', 55, 'Male'),
(8, 'Diya Kapoor', 31, 'Female'),
(9, 'Sanjay Das', 48, 'Male'),
(10, 'Neha Bose', 29, 'Female'),
(11, 'Ramesh Rao', 70, 'Male'),
(12, 'Sunita Agarwal', 65, 'Female'),
(13, 'Ishaan Chatterjee', 12, 'Male'),
(14, 'Riya Singh', 19, 'Female'),
(15, 'Mohammed Ali', 42, 'Male'),
(16, 'Aditi Sharma', 26, 'Female'),
(17, 'Karan Johar', 38, 'Male'),
(18, 'Priyanka Desai', 33, 'Female'),
(19, 'Anil Kapoor', 50, 'Male'),
(20, 'Meenakshi Sundaram', 68, 'Female');


INSERT INTO Appointments (appointment_id, patient_id, doctor_id, appointment_date) VALUES
(1001, 1, 101, '2026-01-15'), (1002, 2, 102, '2026-01-18'),
(1003, 3, 103, '2026-01-20'), (1004, 4, 105, '2026-01-22'),
(1005, 5, 104, '2026-01-25'), (1006, 6, 107, '2026-01-28'),
(1007, 7, 101, '2026-02-02'), (1008, 8, 109, '2026-02-05'),
(1009, 9, 108, '2026-02-10'), (1010, 10, 102, '2026-02-12'),
(1011, 11, 106, '2026-02-15'), (1012, 12, 105, '2026-02-18'),
(1013, 13, 104, '2026-02-20'), (1014, 14, 107, '2026-02-22'),
(1015, 15, 102, '2026-02-25'), (1016, 1, 101, '2026-03-01'), 
(1017, 16, 109, '2026-03-05'), (1018, 17, 108, '2026-03-08'),
(1019, 18, 102, '2026-03-10'), (1020, 19, 101, '2026-03-12'),
(1021, 20, 103, '2026-03-15'), (1022, 2, 102, '2026-03-18'), 
(1023, 3, 103, '2026-03-20'), (1024, 4, 105, '2026-03-22'),
(1025, 5, 104, '2026-03-25'), (1026, 7, 101, '2026-03-28'), 
(1027, 8, 109, '2026-04-02'), (1028, 9, 108, '2026-04-05'),
(1029, 10, 102, '2026-04-08'), (1030, 11, 106, '2026-04-10'),
(1031, 12, 105, '2026-04-12'), (1032, 1, 102, '2026-04-15'), 
(1033, 15, 102, '2026-04-18'), (1034, 16, 109, '2026-04-20'),
(1035, 18, 107, '2026-04-22'), (1036, 19, 101, '2026-04-25'),
(1037, 20, 103, '2026-04-28'), (1038, 2, 107, '2026-04-29'), 
(1039, 6, 107, '2026-04-30'), (1040, 14, 102, '2026-04-30');



INSERT INTO Treatments (treatment_id, appointment_id, diagnosis, cost) VALUES
(501, 1001, 'Angioplasty', 150000.00), 
(502, 1002, 'Dengue Fever', 4500.00),
(503, 1003, 'Type 2 Diabetes', 2000.00), 
(504, 1004, 'Fractured Radius', 12000.00),
(505, 1005, 'Viral Infection', 800.00), 
(506, 1006, 'Eczema', 1500.00),
(507, 1007, 'Hypertension', 1200.00), 
(508, 1008, 'PCOS', 3500.00),
(509, 1009, 'Asthma', 2200.00), 
(510, 1010, 'Typhoid', 3200.00),
(511, 1011, 'Migraine', 1800.00), 
(512, 1012, 'Knee Osteoarthritis', 5000.00),
(513, 1013, 'Chickenpox', 1000.00), 
(514, 1014, 'Acne Vulgaris', 1200.00),
(515, 1015, 'Malaria', 4000.00),
(516, 1016, 'Routine Cardiac Checkup', 1500.00),
(517, 1017, 'Prenatal Care', 2500.00),
(518, 1018, 'Bronchitis', 1800.00),
(519, 1019, 'Food Poisoning', 2000.00),
(520, 1020, 'Arrhythmia', 8500.00),
(521, 1021, 'Thyroid Disorder', 1600.00),
(522, 1022, 'Routine Follow-up', 500.00),
(523, 1023, 'Diabetes Follow-up', 800.00),
(524, 1024, 'Cast Removal', 1500.00),
(525, 1025, 'Vaccination', 1200.00),
(526, 1026, 'ECG & Stress Test', 4500.00),
(527, 1027, 'Routine Ultrasound', 3000.00),
(528, 1028, 'Tuberculosis', 6000.00),
(529, 1029, 'Vitamin D Deficiency', 900.00),
(530, 1030, 'Sleep Apnea', 4000.00),
(531, 1031, 'Physiotherapy', 2500.00),
(532, 1032, 'General Checkup', 600.00),
(533, 1033, 'Routine Follow-up', 500.00),
(534, 1034, 'Prenatal Supplements', 1200.00),
(535, 1035, 'Contact Dermatitis', 1400.00),
(536, 1036, 'Cholesterol Screening', 1000.00),
(537, 1037, 'Thyroid Panel', 1200.00), 
(538, 1038, 'Skin Allergy', 1100.00),
(539, 1039, 'Eczema Follow-up', 800.00),
(540, 1040, 'Viral Infection', 900.00);

